{"brightness": 113.95348837209302, "column_start": 1103.1162790697674, "column_width": 279.8837209302326, "binarization_threshold": 67.44186046511628, "contrast": 134.88372093023256, "selected_areas": []}